"5/23/2023 12:00","
[INTRO]","https://pictoryvideos.blob.core.windows.net/videoclipscontainer/FreeTrial/Google_105066397119440033372/e750d34b-6e49-41fa-b09a-091316e5c85c/VIDEO/Scene0.mov",
"5/24/2023 12:00","
Narrator (N): Welcome to the world of Artificial Intelligence, where machines simulate human intelligence to perform tasks, learn, and make decisions.","https://pictoryvideos.blob.core.windows.net/videoclipscontainer/FreeTrial/Google_105066397119440033372/e750d34b-6e49-41fa-b09a-091316e5c85c/VIDEO/Scene1.mov",
"5/25/2023 12:00","
Today, we will take a closer look at the incredible advancements in AI and its impact on our lives.","https://pictoryvideos.blob.core.windows.net/videoclipscontainer/FreeTrial/Google_105066397119440033372/e750d34b-6e49-41fa-b09a-091316e5c85c/VIDEO/Scene2.mov",
"5/26/2023 12:00","
Join us as we explore the possibilities and potential of this revolutionary technology.","https://pictoryvideos.blob.core.windows.net/videoclipscontainer/FreeTrial/Google_105066397119440033372/e750d34b-6e49-41fa-b09a-091316e5c85c/VIDEO/Scene3.mov",
"5/27/2023 12:00","
[SCENE 1: THE POWER OF AI]","https://pictoryvideos.blob.core.windows.net/videoclipscontainer/FreeTrial/Google_105066397119440033372/e750d34b-6e49-41fa-b09a-091316e5c85c/VIDEO/Scene4.mov",
"5/28/2023 12:00","
N: Artificial Intelligence, or AI, has come a long way since its inception.","https://pictoryvideos.blob.core.windows.net/videoclipscontainer/FreeTrial/Google_105066397119440033372/e750d34b-6e49-41fa-b09a-091316e5c85c/VIDEO/Scene5.mov",
"5/29/2023 12:00","
It has the power to transform industries, revolutionize healthcare, streamline businesses, and enhance our daily lives.","https://pictoryvideos.blob.core.windows.net/videoclipscontainer/FreeTrial/Google_105066397119440033372/e750d34b-6e49-41fa-b09a-091316e5c85c/VIDEO/Scene6.mov",
"5/30/2023 12:00","
AI algorithms can process vast amounts of data, making sense of complex patterns and predicting outcomes faster than ever before.","https://pictoryvideos.blob.core.windows.net/videoclipscontainer/FreeTrial/Google_105066397119440033372/e750d34b-6e49-41fa-b09a-091316e5c85c/VIDEO/Scene7.mov",
"5/31/2023 12:00","
[Visual: Montage of different AI applications in various fields such as healthcare, finance, transportation, and entertainment.]","https://pictoryvideos.blob.core.windows.net/videoclipscontainer/FreeTrial/Google_105066397119440033372/e750d34b-6e49-41fa-b09a-091316e5c85c/VIDEO/Scene8.mov",
"6/1/2023 12:00","
N: In healthcare, AI is improving diagnostics, aiding in personalized treatments, and accelerating drug discovery.","https://pictoryvideos.blob.core.windows.net/videoclipscontainer/FreeTrial/Google_105066397119440033372/e750d34b-6e49-41fa-b09a-091316e5c85c/VIDEO/Scene9.mov",
"6/2/2023 12:00","
It enables doctors to analyze medical images, detect diseases early, and provide precise recommendations, potentially saving countless lives.","https://pictoryvideos.blob.core.windows.net/videoclipscontainer/FreeTrial/Google_105066397119440033372/e750d34b-6e49-41fa-b09a-091316e5c85c/VIDEO/Scene10.mov",
"6/3/2023 12:00","
[Visual: A doctor using AI-powered tools to analyze medical images, patients receiving personalized treatment plans.]","https://pictoryvideos.blob.core.windows.net/videoclipscontainer/FreeTrial/Google_105066397119440033372/e750d34b-6e49-41fa-b09a-091316e5c85c/VIDEO/Scene11.mov",
"6/4/2023 12:00","
N: Businesses are leveraging AI to optimize operations, automate processes, and enhance customer experiences.","https://pictoryvideos.blob.core.windows.net/videoclipscontainer/FreeTrial/Google_105066397119440033372/e750d34b-6e49-41fa-b09a-091316e5c85c/VIDEO/Scene12.mov",
"6/5/2023 12:00","
From chatbots assisting customer inquiries to predictive analytics driving informed decision-making, AI is driving efficiency and productivity across industries.","https://pictoryvideos.blob.core.windows.net/videoclipscontainer/FreeTrial/Google_105066397119440033372/e750d34b-6e49-41fa-b09a-091316e5c85c/VIDEO/Scene13.mov",
"6/6/2023 12:00","
[Visual: Business executives discussing data analytics, chatbots assisting customers.]","https://pictoryvideos.blob.core.windows.net/videoclipscontainer/FreeTrial/Google_105066397119440033372/e750d34b-6e49-41fa-b09a-091316e5c85c/VIDEO/Scene14.mov",
"6/7/2023 12:00","
[SCENE 2: ETHICAL CONSIDERATIONS]","https://pictoryvideos.blob.core.windows.net/videoclipscontainer/FreeTrial/Google_105066397119440033372/e750d34b-6e49-41fa-b09a-091316e5c85c/VIDEO/Scene15.mov",
"6/8/2023 12:00","
N: As AI becomes more prevalent, it raises ethical considerations that demand our attention.","https://pictoryvideos.blob.core.windows.net/videoclipscontainer/FreeTrial/Google_105066397119440033372/e750d34b-6e49-41fa-b09a-091316e5c85c/VIDEO/Scene16.mov",
"6/9/2023 12:00","
We must ensure that AI is developed and used responsibly, taking into account issues of bias, privacy, and accountability.","https://pictoryvideos.blob.core.windows.net/videoclipscontainer/FreeTrial/Google_105066397119440033372/e750d34b-6e49-41fa-b09a-091316e5c85c/VIDEO/Scene17.mov",
"6/10/2023 12:00","
[Visual: People discussing ethical considerations surrounding AI development and usage.]","https://pictoryvideos.blob.core.windows.net/videoclipscontainer/FreeTrial/Google_105066397119440033372/e750d34b-6e49-41fa-b09a-091316e5c85c/VIDEO/Scene18.mov",
"6/11/2023 12:00","
N: Developers and researchers are working on creating ethical AI systems that are transparent, explainable, and fair.","https://pictoryvideos.blob.core.windows.net/videoclipscontainer/FreeTrial/Google_105066397119440033372/e750d34b-6e49-41fa-b09a-091316e5c85c/VIDEO/Scene19.mov",
"6/12/2023 12:00","
It is crucial to address bias in algorithms, as AI systems learn from the data they are fed.","https://pictoryvideos.blob.core.windows.net/videoclipscontainer/FreeTrial/Google_105066397119440033372/e750d34b-6e49-41fa-b09a-091316e5c85c/VIDEO/Scene20.mov",
"6/13/2023 12:00","
By ensuring diverse and representative datasets, we can mitigate biases and promote fairness.","https://pictoryvideos.blob.core.windows.net/videoclipscontainer/FreeTrial/Google_105066397119440033372/e750d34b-6e49-41fa-b09a-091316e5c85c/VIDEO/Scene21.mov",
"6/14/2023 12:00","
[Visual: Developers working on AI algorithms, diverse and representative datasets being used.]","https://pictoryvideos.blob.core.windows.net/videoclipscontainer/FreeTrial/Google_105066397119440033372/e750d34b-6e49-41fa-b09a-091316e5c85c/VIDEO/Scene22.mov",
"6/15/2023 12:00","
N: Additionally, protecting user privacy and data security is essential.","https://pictoryvideos.blob.core.windows.net/videoclipscontainer/FreeTrial/Google_105066397119440033372/e750d34b-6e49-41fa-b09a-091316e5c85c/VIDEO/Scene23.mov",
"6/16/2023 12:00","
Striking a balance between the benefits of AI and safeguarding personal information is crucial to maintain trust in this technology.","https://pictoryvideos.blob.core.windows.net/videoclipscontainer/FreeTrial/Google_105066397119440033372/e750d34b-6e49-41fa-b09a-091316e5c85c/VIDEO/Scene24.mov",
"6/17/2023 12:00","
[Visual: Security measures being implemented, individuals' data being protected.]","https://pictoryvideos.blob.core.windows.net/videoclipscontainer/FreeTrial/Google_105066397119440033372/e750d34b-6e49-41fa-b09a-091316e5c85c/VIDEO/Scene25.mov",
"6/18/2023 12:00","
[SCENE 3: AI IN THE FUTURE]","https://pictoryvideos.blob.core.windows.net/videoclipscontainer/FreeTrial/Google_105066397119440033372/e750d34b-6e49-41fa-b09a-091316e5c85c/VIDEO/Scene26.mov",
"6/19/2023 12:00","
N: The future holds immense potential for AI.","https://pictoryvideos.blob.core.windows.net/videoclipscontainer/FreeTrial/Google_105066397119440033372/e750d34b-6e49-41fa-b09a-091316e5c85c/VIDEO/Scene27.mov",
"6/20/2023 12:00","
As technology advances, so does our ability to tackle complex challenges.","https://pictoryvideos.blob.core.windows.net/videoclipscontainer/FreeTrial/Google_105066397119440033372/e750d34b-6e49-41fa-b09a-091316e5c85c/VIDEO/Scene28.mov",
"6/21/2023 12:00","
AI can assist in combating climate change, designing sustainable cities, and making breakthroughs in scientific research.","https://pictoryvideos.blob.core.windows.net/videoclipscontainer/FreeTrial/Google_105066397119440033372/e750d34b-6e49-41fa-b09a-091316e5c85c/VIDEO/Scene29.mov",
"6/22/2023 12:00","
[Visual: AI being used for climate modeling, sustainable city planning, and scientific research.]","https://pictoryvideos.blob.core.windows.net/videoclipscontainer/FreeTrial/Google_105066397119440033372/e750d34b-6e49-41fa-b09a-091316e5c85c/VIDEO/Scene30.mov",
"6/23/2023 12:00","
N: However, it is important to remember that AI is not here to replace us but to augment our capabilities.","https://pictoryvideos.blob.core.windows.net/videoclipscontainer/FreeTrial/Google_105066397119440033372/e750d34b-6e49-41fa-b09a-091316e5c85c/VIDEO/Scene31.mov",
"6/24/2023 12:00","
By collaborating with AI systems, we can achieve greater feats and explore new frontiers.","https://pictoryvideos.blob.core.windows.net/videoclipscontainer/FreeTrial/Google_105066397119440033372/e750d34b-6e49-41fa-b09a-091316e5c85c/VIDEO/Scene32.mov",
"6/25/2023 12:00","
[Visual: Collaboration between humans and AI, highlighting teamwork and mutual support.]","https://pictoryvideos.blob.core.windows.net/videoclipscontainer/FreeTrial/Google_105066397119440033372/e750d34b-6e49-41fa-b09a-091316e5c85c/VIDEO/Scene33.mov",
"6/26/2023 12:00","
N: The possibilities are endless, and the future of AI is in our hands.","https://pictoryvideos.blob.core.windows.net/videoclipscontainer/FreeTrial/Google_105066397119440033372/e750d34b-6e49-41fa-b09a-091316e5c85c/VIDEO/Scene34.mov",
"6/27/2023 12:00","
Let's embrace this technology responsibly, striving for progress while upholding our values and ethics.","https://pictoryvideos.blob.core.windows.net/videoclipscontainer/FreeTrial/Google_105066397119440033372/e750d34b-6e49-41fa-b09a-091316e5c85c/VIDEO/Scene35.mov",
"6/28/2023 12:00","
[CONCLUSION]","https://pictoryvideos.blob.core.windows.net/videoclipscontainer/FreeTrial/Google_105066397119440033372/e750d34b-6e49-41fa-b09a-091316e5c85c/VIDEO/Scene36.mov",
"6/29/2023 12:00","
N: Artificial Intelligence has the power to revolutionize our world, improving healthcare, transforming industries, and addressing complex challenges.","https://pictoryvideos.blob.core.windows.net/videoclipscontainer/FreeTrial/Google_105066397119440033372/e750d34b-6e49-41fa-b09a-091316e5c85c/VIDEO/Scene37.mov",
"6/30/2023 12:00","
As we move forward, let us harness the potential of AI to create a brighter and more inclusive future for all.","https://pictoryvideos.blob.core.windows.net/videoclipscontainer/FreeTrial/Google_105066397119440033372/e750d34b-6e49-41fa-b09a-091316e5c85c/VIDEO/Scene38.mov",
"7/1/2023 12:00","
[Visual: Montage of AI applications in different fields.]","https://pictoryvideos.blob.core.windows.net/videoclipscontainer/FreeTrial/Google_105066397119440033372/e750d34b-6e49-41fa-b09a-091316e5c85c/VIDEO/Scene39.mov",
"7/2/2023 12:00","
N: Thank you for joining us on this journey through the world of AI.","https://pictoryvideos.blob.core.windows.net/videoclipscontainer/FreeTrial/Google_105066397119440033372/e750d34b-6e49-41fa-b09a-091316e5c85c/VIDEO/Scene40.mov",
"7/3/2023 12:00","
Remember, the future is ours to shape.","https://pictoryvideos.blob.core.windows.net/videoclipscontainer/FreeTrial/Google_105066397119440033372/e750d34b-6e49-41fa-b09a-091316e5c85c/VIDEO/Scene41.mov",
"7/4/2023 12:00","
Embrace the power of Artificial Intelligence, and together, let's unlock a world of endless possibilities.","https://pictoryvideos.blob.core.windows.net/videoclipscontainer/FreeTrial/Google_105066397119440033372/e750d34b-6e49-41fa-b09a-091316e5c85c/VIDEO/Scene42.mov",
"7/5/2023 12:00","
[FADE OUT]","https://pictoryvideos.blob.core.windows.net/videoclipscontainer/FreeTrial/Google_105066397119440033372/e750d34b-6e49-41fa-b09a-091316e5c85c/VIDEO/Scene43.mov",
